"File.Name","file_name"
"831_Data.127","831_Data_127.xlsx"
"831_Data.134","831_Data_134.xlsx"
"831_Data.136","831_Data_136.xlsx"
"831_Data.137","831_Data_137.xlsx"
"831_Data.138","831_Data_138.xlsx"
"831_Data.139","831_Data_139.xlsx"
"831_Data.140","831_Data_140.xlsx"
"831_Data.145","831_Data_145.xlsx"
"831_Data.149","831_Data_149.xlsx"
"831_Data.150","831_Data_150.xlsx"
"831_Data.151","831_Data_151.xlsx"
"831_Data.155","831_Data_155.xlsx"
"831_Data.161","831_Data_161.xlsx"
"831_Data.164","831_Data_164.xlsx"
"831_Data.166","831_Data_166.xlsx"
"831_Data.170","831_Data_170.xlsx"
"831_Data.185","831_Data_185.xlsx"
"831_Data.200","831_Data_200.xlsx"
"831_Data.202","831_Data_202.xlsx"
"831_Data.205","831_Data_205.xlsx"
"831_Data.208","831_Data_208.xlsx"
"831_Data.214","831_Data_214.xlsx"
"PR__ABLA.005","PR__ABLA_005.xlsx"
"PR__ABLA.007","PR__ABLA_007.xlsx"
"PR__ABLA.008","PR__ABLA_008.xlsx"
"PR__ABLA.010","PR__ABLA_010.xlsx"
"PR__ABLA.014","PR__ABLA_014.xlsx"
"PR__ABLA.016","PR__ABLA_016.xlsx"
"PR__ABLA.019","PR__ABLA_019.xlsx"
"PR__ABLA.021","PR__ABLA_021.xlsx"
"PR__ABLA.026","PR__ABLA_026.xlsx"
"PR__ABLA.027","PR__ABLA_027.xlsx"
"PR__ABLA.031","PR__ABLA_031.xlsx"
"PR__ABLA.034","PR__ABLA_034.xlsx"
"PR__ABLA.041","PR__ABLA_041.xlsx"
"PR__ABLA.043","PR__ABLA_043.xlsx"
"PR__ABLA.045","PR__ABLA_045.xlsx"
"PR__ABLA.048","PR__ABLA_048.xlsx"
"PR__COMW.002","PR__COMW_002.xlsx"
"PR__COMW.004","PR__COMW_004.xlsx"
"PR__COMW.006","PR__COMW_006.xlsx"
"PR__COMW.007","PR__COMW_007.xlsx"
"PR__COMW.015","PR__COMW_015.xlsx"
"PR__COMW.018","PR__COMW_018.xlsx"
"PR__COMW.019","PR__COMW_019.xlsx"
"PR__COMW.025","PR__COMW_025.xlsx"
"PR__COMW.028","PR__COMW_028.xlsx"
"PR__COMW.030","PR__COMW_030.xlsx"
"PR__COMW.032","PR__COMW_032.xlsx"
"PR__COMW.040","PR__COMW_040.xlsx"
"PR__COMW.041","PR__COMW_041.xlsx"
"PR__COMW.046","PR__COMW_046.xlsx"
"PR__COMW.047","PR__COMW_047.xlsx"
"PR__LIMA.006","PR__LIMA_006.xlsx"
"PR__LIMA.009","PR__LIMA_009.xlsx"
"SF__BE__.006","SF__BE___006.xlsx"
"SF__BE__.007","SF__BE___007.xlsx"
"SF__BE__.009","SF__BE___009.xlsx"
"SF__BE__.012","SF__BE___012.xlsx"
"SF__BE__.015","SF__BE___015.xlsx"
"SF__BE__.018","SF__BE___018.xlsx"
"SF__BE__.019","SF__BE___019.xlsx"
"SF__BE__.021","SF__BE___021.xlsx"
"SF__BE__.022","SF__BE___022.xlsx"
"SF__BE__.025","SF__BE___025.xlsx"
"SF__BE__.026","SF__BE___026.xlsx"
"SF__BE__.027","SF__BE___027.xlsx"
"SF__BE__.030","SF__BE___030.xlsx"
"SF__BE__.032","SF__BE___032.xlsx"
"SF__BE__.035","SF__BE___035.xlsx"
"SF__BE__.039","SF__BE___039.xlsx"
"SF__BE__.044","SF__BE___044.xlsx"
"SF__BE__.050","SF__BE___050.xlsx"
"SF__BE__.051","SF__BE___051.xlsx"
"SF__BE__.055","SF__BE___055.xlsx"
"SF__BE__.056","SF__BE___056.xlsx"
"SF__BE__.059","SF__BE___059.xlsx"
"SF__BE__.061","SF__BE___061.xlsx"
"SF__BE__.065","SF__BE___065.xlsx"
"SF__BE__.068","SF__BE___068.xlsx"
"SF__BE__.070","SF__BE___070.xlsx"
"SF__BE__.072","SF__BE___072.xlsx"
"SF__BE__.073","SF__BE___073.xlsx"
"SF__BE__.074","SF__BE___074.xlsx"
"SF__BE__.080","SF__BE___080.xlsx"
"SF__BE__.083","SF__BE___083.xlsx"
"SF__BE__.087","SF__BE___087.xlsx"
"SF__BE__.091","SF__BE___091.xlsx"
"SF__BE__.092","SF__BE___092.xlsx"
"SF__BE__.100","SF__BE___100.xlsx"
"SF__LD__.005","SF__LD___005.xlsx"
"SF__LD__.008","SF__LD___008.xlsx"
"SF__LD__.010","SF__LD___010.xlsx"
"SF__LD__.012","SF__LD___012.xlsx"
"SF__LD__.016","SF__LD___016.xlsx"
"SF__LD__.017","SF__LD___017.xlsx"
"SF__LD__.018","SF__LD___018.xlsx"
"SF__LD__.020","SF__LD___020.xlsx"
"SF__LD__.021","SF__LD___021.xlsx"
"SF__LD__.024","SF__LD___024.xlsx"
"SF__LD__.025","SF__LD___025.xlsx"
"SF__LD__.029","SF__LD___029.xlsx"
"SF__LD__.030","SF__LD___030.xlsx"
"SF__LD__.031","SF__LD___031.xlsx"
"SF__LD__.033","SF__LD___033.xlsx"
"SF__LM__.005","SF__LM___005.xlsx"
"SF__LM__.007","SF__LM___007.xlsx"
"SF__LM__.011","SF__LM___011.xlsx"
"SF__LM__.017","SF__LM___017.xlsx"
"SF__LM__.019","SF__LM___019.xlsx"
"SF__LM__.021","SF__LM___021.xlsx"
"SF__LM__.025","SF__LM___025.xlsx"
"SF__LM__.027","SF__LM___027.xlsx"
"SF__LM__.032","SF__LM___032.xlsx"
"SF__LM__.033","SF__LM___033.xlsx"
"SF__LM__.035","SF__LM___035.xlsx"
"SF__LM__.038","SF__LM___038.xlsx"
"SF__LM__.039","SF__LM___039.xlsx"
"SF__LM__.040","SF__LM___040.xlsx"
"SF__LM__.042","SF__LM___042.xlsx"
"SF__LM__.051","SF__LM___051.xlsx"
"SF__LM__.053","SF__LM___053.xlsx"
"SF__LM__.055","SF__LM___055.xlsx"
"SF__LM__.056","SF__LM___056.xlsx"
"SF__LM__.057","SF__LM___057.xlsx"
"SF__LM__.061","SF__LM___061.xlsx"
"SF__LM__.062","SF__LM___062.xlsx"
"SF__RICH.001","SF__RICH_001.xlsx"
"SF__RICH.002","SF__RICH_002.xlsx"
"SF__RICH.003","SF__RICH_003.xlsx"
"SF__RICH.004","SF__RICH_004.xlsx"
"SF__RICH.007","SF__RICH_007.xlsx"
"SF__RICH.014","SF__RICH_014.xlsx"
"SF__RICH.015","SF__RICH_015.xlsx"
"SF__RICH.017","SF__RICH_017.xlsx"
"SF__RICH.020","SF__RICH_020.xlsx"
"SF__RICH.021","SF__RICH_021.xlsx"
"SF__RICH.023","SF__RICH_023.xlsx"
"SF__RICH.027","SF__RICH_027.xlsx"
